employee_id,leave_type_encoded,days_requested,has_required_attachment,dh_decision,hr_decision,has_rejection_reason,routing_action
EMP-001,0,4,0,0,0,0,0
EMP-001,1,7,1,1,0,0,1
EMP-001,2,1,1,1,2,0,2
EMP-001,3,1,1,1,1,0,3
EMP-001,4,4,1,0,0,0,0
EMP-001,5,4,1,1,0,0,1
EMP-001,6,1,1,1,2,0,2
EMP-001,7,4,1,2,0,1,3
EMP-001,8,10,1,0,0,0,0
EMP-001,0,6,1,1,0,0,1
EMP-001,1,9,1,1,2,0,2
EMP-001,2,45,1,2,0,1,3
EMP-001,3,3,1,0,0,0,0
EMP-001,4,4,1,1,0,0,1
EMP-001,5,3,1,2,0,0,2
EMP-001,6,2,1,1,1,0,3
EMP-001,7,5,1,0,0,0,0
EMP-001,8,14,1,1,0,0,1
EMP-001,0,10,1,1,2,0,2
EMP-001,1,7,1,1,1,0,3
EMP-001,2,19,1,0,0,0,0
EMP-001,3,5,1,1,0,0,1
EMP-001,4,1,1,1,2,0,2
EMP-001,5,5,1,2,0,1,3
EMP-001,6,3,1,0,0,0,0
EMP-001,7,5,1,1,0,0,1
EMP-001,8,28,1,1,2,0,2
EMP-001,0,6,1,1,1,0,3
EMP-001,1,14,1,0,0,0,0
EMP-001,2,65,1,1,0,0,1
EMP-001,3,5,1,2,0,0,2
EMP-001,4,2,1,1,1,0,3
EMP-001,5,3,1,0,0,0,0
EMP-001,6,2,1,1,0,0,1
EMP-001,7,4,1,2,0,0,2
EMP-001,8,63,1,2,0,1,3
EMP-001,0,10,1,0,0,0,0
EMP-001,1,14,1,1,0,0,1
EMP-001,2,15,1,2,0,0,2
EMP-001,3,6,1,2,0,1,3
EMP-001,4,2,1,0,0,0,0
EMP-001,5,1,0,1,0,0,1
EMP-001,6,1,1,1,2,0,2
EMP-001,7,4,1,1,2,1,3
EMP-001,8,52,1,0,0,0,0
EMP-001,0,11,1,1,0,0,1
EMP-001,1,3,1,1,2,0,2
EMP-001,2,12,1,2,0,1,3
EMP-001,3,4,1,0,0,0,0
EMP-001,4,7,1,1,0,0,1
EMP-001,5,2,1,2,0,0,2
EMP-001,6,2,1,1,1,0,3
EMP-001,7,3,1,0,0,0,0
EMP-001,8,40,1,1,0,0,1
EMP-001,0,12,1,1,2,0,2
EMP-001,1,5,1,1,1,0,3
EMP-001,2,101,1,0,0,0,0
EMP-001,3,6,1,1,0,0,1
EMP-001,4,3,1,2,0,0,2
EMP-001,5,1,1,1,1,0,3
EMP-001,6,1,1,0,0,0,0
EMP-001,7,2,1,1,0,0,1
EMP-001,8,59,1,1,2,0,2
EMP-001,0,9,1,2,0,1,3
EMP-001,1,10,1,0,0,0,0
EMP-001,2,5,1,1,0,0,1
EMP-001,3,4,1,2,0,0,2
EMP-001,4,2,1,1,1,0,3
EMP-001,5,1,1,0,0,0,0
EMP-001,6,3,1,1,0,0,1
EMP-001,7,1,1,1,2,0,2
EMP-001,8,3,1,1,1,0,3
EMP-001,0,5,1,0,0,0,0
EMP-001,1,10,1,1,0,0,1
EMP-001,2,85,1,2,0,0,2
EMP-001,3,3,1,1,1,0,3
EMP-001,4,1,1,0,0,0,0
EMP-001,5,1,1,1,0,0,1
EMP-001,6,3,1,1,2,0,2
EMP-001,7,1,1,1,1,0,3
EMP-001,8,66,1,0,0,0,0
EMP-001,0,8,1,1,0,0,1
EMP-001,1,7,1,2,0,0,2
EMP-001,2,1,1,2,0,1,3
EMP-001,3,4,1,0,0,0,0
EMP-001,4,7,1,1,0,0,1
EMP-001,5,5,0,1,2,0,2
EMP-001,6,2,1,1,1,0,3
EMP-001,7,1,1,0,0,0,0
EMP-001,8,77,1,1,0,0,1
EMP-001,0,3,1,2,0,0,2
EMP-001,1,7,1,1,2,1,3
EMP-001,2,14,1,0,0,0,0
EMP-001,3,6,1,1,0,0,1
EMP-001,4,6,1,1,2,0,2
EMP-001,5,1,0,1,1,0,3
EMP-001,6,2,1,0,0,0,0
EMP-001,7,1,1,1,0,0,1
EMP-001,8,51,1,2,0,0,2
EMP-001,0,12,0,1,1,0,3
EMP-002,0,15,1,0,0,0,0
EMP-002,1,12,1,1,0,0,1
EMP-002,2,19,1,1,2,0,2
EMP-002,3,6,1,1,2,1,3
EMP-002,4,1,0,0,0,0,0
EMP-002,5,4,1,1,0,0,1
EMP-002,6,3,1,1,2,0,2
EMP-002,7,1,0,1,1,0,3
EMP-002,8,8,1,0,0,0,0
EMP-002,0,13,1,1,0,0,1
EMP-002,1,9,1,2,0,0,2
EMP-002,2,16,1,1,1,0,3
EMP-002,3,6,1,0,0,0,0
EMP-002,4,3,1,1,0,0,1
EMP-002,5,2,1,2,0,0,2
EMP-002,6,1,1,1,2,1,3
EMP-002,7,5,0,0,0,0,0
EMP-002,8,35,1,1,0,0,1
EMP-002,0,8,1,1,2,0,2
EMP-002,1,7,1,1,2,1,3
EMP-002,2,47,1,0,0,0,0
EMP-002,3,3,1,1,0,0,1
EMP-002,4,5,1,2,0,0,2
EMP-002,5,4,1,1,1,0,3
EMP-002,6,3,1,0,0,0,0
EMP-002,7,4,1,1,0,0,1
EMP-002,8,76,1,2,0,0,2
EMP-002,0,2,1,2,0,1,3
EMP-002,1,8,1,0,0,0,0
EMP-002,2,6,1,1,0,0,1
EMP-002,3,2,1,1,2,0,2
EMP-002,4,2,1,1,2,1,3
EMP-002,5,1,1,0,0,0,0
EMP-002,6,1,1,1,0,0,1
EMP-002,7,3,1,1,2,0,2
EMP-002,8,49,1,1,2,1,3
EMP-002,0,14,1,0,0,0,0
EMP-002,1,4,1,1,0,0,1
EMP-002,2,90,1,1,2,0,2
EMP-002,3,6,1,1,2,1,3
EMP-002,4,5,1,0,0,0,0
EMP-002,5,1,1,1,0,0,1
EMP-002,6,3,1,2,0,0,2
EMP-002,7,5,1,1,2,1,3
EMP-002,8,46,1,0,0,0,0
EMP-002,0,8,1,1,0,0,1
EMP-002,1,12,1,2,0,0,2
EMP-002,2,12,1,2,0,1,3
EMP-002,3,4,1,0,0,0,0
EMP-002,4,1,1,1,0,0,1
EMP-002,5,5,1,1,2,0,2
EMP-002,6,2,1,1,1,0,3
EMP-002,7,1,1,0,0,0,0
EMP-002,8,82,1,1,0,0,1
EMP-002,0,15,1,2,0,0,2
EMP-002,1,1,1,2,0,1,3
EMP-002,2,2,1,0,0,0,0
EMP-002,3,1,1,1,0,0,1
EMP-002,4,3,1,1,2,0,2
EMP-002,5,2,1,1,2,1,3
EMP-002,6,3,1,0,0,0,0
EMP-002,7,3,1,1,0,0,1
EMP-002,8,38,1,2,0,0,2
EMP-002,0,2,0,1,2,1,3
EMP-002,1,1,1,0,0,0,0
EMP-002,2,79,0,1,0,0,1
EMP-002,3,5,1,1,2,0,2
EMP-002,4,1,1,1,1,0,3
EMP-002,5,4,1,0,0,0,0
EMP-002,6,3,1,1,0,0,1
EMP-002,7,3,1,2,0,0,2
EMP-002,8,30,1,1,1,0,3
EMP-002,0,3,1,0,0,0,0
EMP-002,1,12,1,1,0,0,1
EMP-002,2,63,1,2,0,0,2
EMP-002,3,2,1,1,2,1,3
EMP-002,4,7,1,0,0,0,0
EMP-002,5,4,1,1,0,0,1
EMP-002,6,1,1,1,2,0,2
EMP-002,7,4,1,1,1,0,3
EMP-002,8,18,1,0,0,0,0
EMP-002,0,11,1,1,0,0,1
EMP-002,1,11,1,1,2,0,2
EMP-002,2,38,1,1,1,0,3
EMP-002,3,4,1,0,0,0,0
EMP-002,4,6,1,1,0,0,1
EMP-002,5,4,1,2,0,0,2
EMP-002,6,2,0,1,1,0,3
EMP-002,7,3,1,0,0,0,0
EMP-002,8,26,0,1,0,0,1
EMP-002,0,6,1,1,2,0,2
EMP-002,1,3,0,1,1,0,3
EMP-002,2,15,1,0,0,0,0
EMP-002,3,2,1,1,0,0,1
EMP-002,4,5,1,1,2,0,2
EMP-002,5,3,1,1,1,0,3
EMP-002,6,1,1,0,0,0,0
EMP-002,7,5,1,1,0,0,1
EMP-002,8,17,1,1,2,0,2
EMP-002,0,4,1,2,0,1,3
EMP-003,0,13,1,0,0,0,0
EMP-003,1,11,1,1,0,0,1
EMP-003,2,3,1,1,2,0,2
EMP-003,3,3,1,1,1,0,3
EMP-003,4,7,1,0,0,0,0
EMP-003,5,4,1,1,0,0,1
EMP-003,6,3,1,2,0,0,2
EMP-003,7,5,1,1,1,0,3
EMP-003,8,11,1,0,0,0,0
EMP-003,0,13,1,1,0,0,1
EMP-003,1,12,1,1,2,0,2
EMP-003,2,24,1,1,2,1,3
EMP-003,3,4,1,0,0,0,0
EMP-003,4,5,1,1,0,0,1
EMP-003,5,3,1,2,0,0,2
EMP-003,6,2,1,1,1,0,3
EMP-003,7,4,0,0,0,0,0
EMP-003,8,11,1,1,0,0,1
EMP-003,0,5,1,1,2,0,2
EMP-003,1,14,0,1,1,0,3
EMP-003,2,19,1,0,0,0,0
EMP-003,3,4,1,1,0,0,1
EMP-003,4,6,1,1,2,0,2
EMP-003,5,3,1,1,1,0,3
EMP-003,6,3,1,0,0,0,0
EMP-003,7,1,1,1,0,0,1
EMP-003,8,81,1,2,0,0,2
EMP-003,0,2,1,1,1,0,3
EMP-003,1,15,1,0,0,0,0
EMP-003,2,35,1,1,0,0,1
EMP-003,3,1,1,1,2,0,2
EMP-003,4,1,1,1,1,0,3
EMP-003,5,3,1,0,0,0,0
EMP-003,6,3,1,1,0,0,1
EMP-003,7,5,1,1,2,0,2
EMP-003,8,80,1,1,1,0,3
EMP-003,0,6,1,0,0,0,0
EMP-003,1,6,1,1,0,0,1
EMP-003,2,64,1,1,2,0,2
EMP-003,3,2,1,1,1,0,3
EMP-003,4,6,1,0,0,0,0
EMP-003,5,3,1,1,0,0,1
EMP-003,6,2,1,1,2,0,2
EMP-003,7,3,1,1,1,0,3
EMP-003,8,1,1,0,0,0,0
EMP-003,0,13,1,1,0,0,1
EMP-003,1,5,1,2,0,0,2
EMP-003,2,1,1,1,1,0,3
EMP-003,3,7,1,0,0,0,0
EMP-003,4,6,1,1,0,0,1
EMP-003,5,4,1,1,2,0,2
EMP-003,6,3,1,1,1,0,3
EMP-003,7,5,1,0,0,0,0
EMP-003,8,34,0,1,0,0,1
EMP-003,0,3,1,1,2,0,2
EMP-003,1,8,1,1,1,0,3
EMP-003,2,16,1,0,0,0,0
EMP-003,3,2,1,1,0,0,1
EMP-003,4,5,1,1,2,0,2
EMP-003,5,2,1,1,1,0,3
EMP-003,6,2,1,0,0,0,0
EMP-003,7,3,0,1,0,0,1
EMP-003,8,53,1,2,0,0,2
EMP-003,0,14,1,1,1,0,3
EMP-003,1,5,1,0,0,0,0
EMP-003,2,25,1,1,0,0,1
EMP-003,3,1,1,2,0,0,2
EMP-003,4,2,1,1,1,0,3
EMP-003,5,4,1,0,0,0,0
EMP-003,6,2,1,1,0,0,1
EMP-003,7,4,1,1,2,0,2
EMP-003,8,79,1,1,1,0,3
EMP-003,0,13,1,0,0,0,0
EMP-003,1,8,1,1,0,0,1
EMP-003,2,31,1,1,2,0,2
EMP-003,3,2,1,1,2,1,3
EMP-003,4,1,0,0,0,0,0
EMP-003,5,2,1,1,0,0,1
EMP-003,6,2,1,2,0,0,2
EMP-003,7,2,1,2,0,1,3
EMP-003,8,64,1,0,0,0,0
EMP-003,0,11,1,1,0,0,1
EMP-003,1,11,1,2,0,0,2
EMP-003,2,44,1,1,1,0,3
EMP-003,3,3,1,0,0,0,0
EMP-003,4,1,1,1,0,0,1
EMP-003,5,4,1,1,2,0,2
EMP-003,6,3,1,2,0,1,3
EMP-003,7,2,1,0,0,0,0
EMP-003,8,85,1,1,0,0,1
EMP-003,0,13,1,1,2,0,2
EMP-003,1,11,1,1,1,0,3
EMP-003,2,94,1,0,0,0,0
EMP-003,3,4,1,1,0,0,1
EMP-003,4,4,1,1,2,0,2
EMP-003,5,4,1,1,2,1,3
EMP-003,6,2,1,0,0,0,0
EMP-003,7,1,1,1,0,0,1
EMP-003,8,13,1,2,0,0,2
EMP-003,0,15,1,2,0,1,3
EMP-004,0,6,1,0,0,0,0
EMP-004,1,1,1,1,0,0,1
EMP-004,2,87,1,1,2,0,2
EMP-004,3,7,1,1,1,0,3
EMP-004,4,6,1,0,0,0,0
EMP-004,5,5,1,1,0,0,1
EMP-004,6,2,1,2,0,0,2
EMP-004,7,4,0,1,1,0,3
EMP-004,8,49,1,0,0,0,0
EMP-004,0,10,1,1,0,0,1
EMP-004,1,15,1,1,2,0,2
EMP-004,2,37,1,1,1,0,3
EMP-004,3,1,1,0,0,0,0
EMP-004,4,2,0,1,0,0,1
EMP-004,5,3,1,2,0,0,2
EMP-004,6,2,1,1,1,0,3
EMP-004,7,1,1,0,0,0,0
EMP-004,8,60,1,1,0,0,1
EMP-004,0,1,1,2,0,0,2
EMP-004,1,15,1,2,0,1,3
EMP-004,2,53,1,0,0,0,0
EMP-004,3,7,1,1,0,0,1
EMP-004,4,2,1,1,2,0,2
EMP-004,5,5,1,1,1,0,3
EMP-004,6,3,1,0,0,0,0
EMP-004,7,4,0,1,0,0,1
EMP-004,8,43,1,2,0,0,2
EMP-004,0,4,1,2,0,1,3
EMP-004,1,1,1,0,0,0,0
EMP-004,2,72,1,1,0,0,1
EMP-004,3,3,1,1,2,0,2
EMP-004,4,1,1,1,1,0,3
EMP-004,5,5,1,0,0,0,0
EMP-004,6,3,1,1,0,0,1
EMP-004,7,4,1,2,0,0,2
EMP-004,8,5,1,1,1,0,3
EMP-004,0,11,1,0,0,0,0
EMP-004,1,12,1,1,0,0,1
EMP-004,2,17,1,1,2,0,2
EMP-004,3,2,1,1,1,0,3
EMP-004,4,3,1,0,0,0,0
EMP-004,5,3,1,1,0,0,1
EMP-004,6,3,1,2,0,0,2
EMP-004,7,1,1,1,1,0,3
EMP-004,8,88,1,0,0,0,0
EMP-004,0,9,1,1,0,0,1
EMP-004,1,9,1,2,0,0,2
EMP-004,2,5,1,1,2,1,3
EMP-004,3,1,1,0,0,0,0
EMP-004,4,3,1,1,0,0,1
EMP-004,5,5,1,2,0,0,2
EMP-004,6,2,1,1,1,0,3
EMP-004,7,2,1,0,0,0,0
EMP-004,8,46,1,1,0,0,1
EMP-004,0,14,1,2,0,0,2
EMP-004,1,8,1,2,0,1,3
EMP-004,2,75,1,0,0,0,0
EMP-004,3,3,1,1,0,0,1
EMP-004,4,4,1,1,2,0,2
EMP-004,5,3,1,2,0,1,3
EMP-004,6,2,1,0,0,0,0
EMP-004,7,3,1,1,0,0,1
EMP-004,8,18,1,1,2,0,2
EMP-004,0,6,0,2,0,1,3
EMP-004,1,13,1,0,0,0,0
EMP-004,2,98,1,1,0,0,1
EMP-004,3,3,1,2,0,0,2
EMP-004,4,7,1,1,1,0,3
EMP-004,5,4,1,0,0,0,0
EMP-004,6,1,1,1,0,0,1
EMP-004,7,1,1,2,0,0,2
EMP-004,8,86,1,1,1,0,3
EMP-004,0,5,0,0,0,0,0
EMP-004,1,5,1,1,0,0,1
EMP-004,2,28,1,2,0,0,2
EMP-004,3,2,1,1,1,0,3
EMP-004,4,3,1,0,0,0,0
EMP-004,5,3,0,1,0,0,1
EMP-004,6,3,1,1,2,0,2
EMP-004,7,4,1,2,0,1,3
EMP-004,8,1,0,0,0,0,0
EMP-004,0,13,1,1,0,0,1
EMP-004,1,3,1,2,0,0,2
EMP-004,2,35,1,1,2,1,3
EMP-004,3,1,1,0,0,0,0
EMP-004,4,4,1,1,0,0,1
EMP-004,5,5,1,2,0,0,2
EMP-004,6,2,1,1,1,0,3
EMP-004,7,4,1,0,0,0,0
EMP-004,8,10,1,1,0,0,1
EMP-004,0,9,0,1,2,0,2
EMP-004,1,1,1,1,1,0,3
EMP-004,2,41,1,0,0,0,0
EMP-004,3,5,1,1,0,0,1
EMP-004,4,3,1,1,2,0,2
EMP-004,5,3,1,2,0,1,3
EMP-004,6,3,1,0,0,0,0
EMP-004,7,5,1,1,0,0,1
EMP-004,8,4,1,2,0,0,2
EMP-004,0,2,1,1,1,0,3
EMP-005,0,9,1,0,0,0,0
EMP-005,1,7,0,1,0,0,1
EMP-005,2,91,1,2,0,0,2
EMP-005,3,5,1,2,0,1,3
EMP-005,4,7,1,0,0,0,0
EMP-005,5,2,1,1,0,0,1
EMP-005,6,2,1,2,0,0,2
EMP-005,7,1,1,1,2,1,3
EMP-005,8,69,1,0,0,0,0
EMP-005,0,5,1,1,0,0,1
EMP-005,1,9,1,1,2,0,2
EMP-005,2,70,1,1,1,0,3
EMP-005,3,7,1,0,0,0,0
EMP-005,4,5,1,1,0,0,1
EMP-005,5,3,1,1,2,0,2
EMP-005,6,2,1,1,1,0,3
EMP-005,7,1,1,0,0,0,0
EMP-005,8,87,1,1,0,0,1
EMP-005,0,14,1,2,0,0,2
EMP-005,1,11,1,1,2,1,3
EMP-005,2,47,1,0,0,0,0
EMP-005,3,7,1,1,0,0,1
EMP-005,4,6,1,2,0,0,2
EMP-005,5,1,1,2,0,1,3
EMP-005,6,3,1,0,0,0,0
EMP-005,7,1,1,1,0,0,1
EMP-005,8,10,1,1,2,0,2
EMP-005,0,4,1,2,0,1,3
EMP-005,1,1,1,0,0,0,0
EMP-005,2,89,1,1,0,0,1
EMP-005,3,1,1,2,0,0,2
EMP-005,4,7,1,2,0,1,3
EMP-005,5,2,1,0,0,0,0
EMP-005,6,2,1,1,0,0,1
EMP-005,7,2,1,1,2,0,2
EMP-005,8,13,1,1,1,0,3
EMP-005,0,5,1,0,0,0,0
EMP-005,1,15,1,1,0,0,1
EMP-005,2,47,1,2,0,0,2
EMP-005,3,1,1,2,0,1,3
EMP-005,4,4,1,0,0,0,0
EMP-005,5,3,1,1,0,0,1
EMP-005,6,3,0,2,0,0,2
EMP-005,7,2,1,2,0,1,3
EMP-005,8,83,1,0,0,0,0
EMP-005,0,1,1,1,0,0,1
EMP-005,1,3,1,1,2,0,2
EMP-005,2,80,1,2,0,1,3
EMP-005,3,3,1,0,0,0,0
EMP-005,4,3,1,1,0,0,1
EMP-005,5,1,1,1,2,0,2
EMP-005,6,3,1,1,1,0,3
EMP-005,7,1,1,0,0,0,0
EMP-005,8,7,1,1,0,0,1
EMP-005,0,7,1,2,0,0,2
EMP-005,1,3,1,1,2,1,3
EMP-005,2,97,1,0,0,0,0
EMP-005,3,6,1,1,0,0,1
EMP-005,4,5,1,2,0,0,2
EMP-005,5,1,1,1,1,0,3
EMP-005,6,1,1,0,0,0,0
EMP-005,7,3,1,1,0,0,1
EMP-005,8,50,1,2,0,0,2
EMP-005,0,5,1,1,2,1,3
EMP-005,1,1,1,0,0,0,0
EMP-005,2,54,1,1,0,0,1
EMP-005,3,7,1,1,2,0,2
EMP-005,4,6,1,1,1,0,3
EMP-005,5,2,1,0,0,0,0
EMP-005,6,1,1,1,0,0,1
EMP-005,7,2,1,2,0,0,2
EMP-005,8,66,1,1,2,1,3
EMP-005,0,5,1,0,0,0,0
EMP-005,1,4,1,1,0,0,1
EMP-005,2,91,1,1,2,0,2
EMP-005,3,3,1,1,2,1,3
EMP-005,4,4,1,0,0,0,0
EMP-005,5,2,1,1,0,0,1
EMP-005,6,3,1,2,0,0,2
EMP-005,7,4,1,2,0,1,3
EMP-005,8,84,1,0,0,0,0
EMP-005,0,2,1,1,0,0,1
EMP-005,1,2,1,1,2,0,2
EMP-005,2,27,1,1,1,0,3
EMP-005,3,6,1,0,0,0,0
EMP-005,4,4,1,1,0,0,1
EMP-005,5,2,1,2,0,0,2
EMP-005,6,2,1,1,1,0,3
EMP-005,7,3,1,0,0,0,0
EMP-005,8,48,0,1,0,0,1
EMP-005,0,8,1,2,0,0,2
EMP-005,1,9,1,1,1,0,3
EMP-005,2,45,1,0,0,0,0
EMP-005,3,1,1,1,0,0,1
EMP-005,4,3,1,1,2,0,2
EMP-005,5,5,1,1,1,0,3
EMP-005,6,2,1,0,0,0,0
EMP-005,7,1,1,1,0,0,1
EMP-005,8,27,1,1,2,0,2
EMP-005,0,11,1,1,1,0,3
EMP-006,0,15,1,0,0,0,0
EMP-006,1,13,1,1,0,0,1
EMP-006,2,27,0,2,0,0,2
EMP-006,3,1,1,1,1,0,3
EMP-006,4,2,1,0,0,0,0
EMP-006,5,1,1,1,0,0,1
EMP-006,6,3,1,1,2,0,2
EMP-006,7,1,1,1,2,1,3
EMP-006,8,40,1,0,0,0,0
EMP-006,0,2,1,1,0,0,1
EMP-006,1,10,1,2,0,0,2
EMP-006,2,94,1,1,1,0,3
EMP-006,3,6,1,0,0,0,0
EMP-006,4,4,1,1,0,0,1
EMP-006,5,5,1,1,2,0,2
EMP-006,6,2,1,1,1,0,3
EMP-006,7,3,1,0,0,0,0
EMP-006,8,81,1,1,0,0,1
EMP-006,0,6,1,1,2,0,2
EMP-006,1,12,1,1,1,0,3
EMP-006,2,9,0,0,0,0,0
EMP-006,3,3,1,1,0,0,1
EMP-006,4,5,1,2,0,0,2
EMP-006,5,2,1,1,1,0,3
EMP-006,6,3,1,0,0,0,0
EMP-006,7,4,1,1,0,0,1
EMP-006,8,63,1,1,2,0,2
EMP-006,0,9,1,1,1,0,3
EMP-006,1,7,1,0,0,0,0
EMP-006,2,54,0,1,0,0,1
EMP-006,3,4,1,2,0,0,2
EMP-006,4,6,0,2,0,1,3
EMP-006,5,5,1,0,0,0,0
EMP-006,6,1,1,1,0,0,1
EMP-006,7,4,1,2,0,0,2
EMP-006,8,47,1,1,2,1,3
EMP-006,0,4,1,0,0,0,0
EMP-006,1,11,1,1,0,0,1
EMP-006,2,23,1,2,0,0,2
EMP-006,3,2,1,1,1,0,3
EMP-006,4,7,1,0,0,0,0
EMP-006,5,5,1,1,0,0,1
EMP-006,6,2,1,1,2,0,2
EMP-006,7,1,1,1,1,0,3
EMP-006,8,6,1,0,0,0,0
EMP-006,0,3,1,1,0,0,1
EMP-006,1,9,1,2,0,0,2
EMP-006,2,81,1,1,2,1,3
EMP-006,3,7,1,0,0,0,0
EMP-006,4,5,1,1,0,0,1
EMP-006,5,5,1,1,2,0,2
EMP-006,6,3,1,1,1,0,3
EMP-006,7,5,1,0,0,0,0
EMP-006,8,6,1,1,0,0,1
EMP-006,0,14,1,1,2,0,2
EMP-006,1,1,1,1,1,0,3
EMP-006,2,78,1,0,0,0,0
EMP-006,3,7,1,1,0,0,1
EMP-006,4,4,1,1,2,0,2
EMP-006,5,3,1,1,2,1,3
EMP-006,6,3,1,0,0,0,0
EMP-006,7,4,1,1,0,0,1
EMP-006,8,9,1,1,2,0,2
EMP-006,0,3,1,2,0,1,3
EMP-006,1,13,1,0,0,0,0
EMP-006,2,13,1,1,0,0,1
EMP-006,3,2,0,2,0,0,2
EMP-006,4,1,1,1,1,0,3
EMP-006,5,2,1,0,0,0,0
EMP-006,6,1,1,1,0,0,1
EMP-006,7,1,1,2,0,0,2
EMP-006,8,53,1,1,1,0,3
EMP-006,0,11,1,0,0,0,0
EMP-006,1,13,1,1,0,0,1
EMP-006,2,29,1,2,0,0,2
EMP-006,3,4,1,1,1,0,3
EMP-006,4,1,1,0,0,0,0
EMP-006,5,1,1,1,0,0,1
EMP-006,6,2,1,1,2,0,2
EMP-006,7,3,1,1,1,0,3
EMP-006,8,29,1,0,0,0,0
EMP-006,0,2,1,1,0,0,1
EMP-006,1,15,1,1,2,0,2
EMP-006,2,30,1,1,2,1,3
EMP-006,3,2,1,0,0,0,0
EMP-006,4,6,1,1,0,0,1
EMP-006,5,1,1,2,0,0,2
EMP-006,6,1,1,2,0,1,3
EMP-006,7,4,1,0,0,0,0
EMP-006,8,67,1,1,0,0,1
EMP-006,0,6,1,2,0,0,2
EMP-006,1,7,1,2,0,1,3
EMP-006,2,95,1,0,0,0,0
EMP-006,3,3,1,1,0,0,1
EMP-006,4,2,1,1,2,0,2
EMP-006,5,4,1,1,2,1,3
EMP-006,6,1,1,0,0,0,0
EMP-006,7,1,1,1,0,0,1
EMP-006,8,45,1,2,0,0,2
EMP-006,0,4,1,1,1,0,3
EMP-007,0,12,1,0,0,0,0
EMP-007,1,7,1,1,0,0,1
EMP-007,2,92,1,1,2,0,2
EMP-007,3,7,1,2,0,1,3
EMP-007,4,2,1,0,0,0,0
EMP-007,5,2,1,1,0,0,1
EMP-007,6,1,1,1,2,0,2
EMP-007,7,3,1,1,1,0,3
EMP-007,8,2,1,0,0,0,0
EMP-007,0,12,1,1,0,0,1
EMP-007,1,11,1,1,2,0,2
EMP-007,2,2,1,1,2,1,3
EMP-007,3,6,1,0,0,0,0
EMP-007,4,6,1,1,0,0,1
EMP-007,5,3,1,2,0,0,2
EMP-007,6,1,1,1,1,0,3
EMP-007,7,5,1,0,0,0,0
EMP-007,8,13,1,1,0,0,1
EMP-007,0,7,1,2,0,0,2
EMP-007,1,15,1,2,0,1,3
EMP-007,2,88,1,0,0,0,0
EMP-007,3,5,1,1,0,0,1
EMP-007,4,1,1,1,2,0,2
EMP-007,5,5,1,2,0,1,3
EMP-007,6,2,1,0,0,0,0
EMP-007,7,1,1,1,0,0,1
EMP-007,8,59,1,2,0,0,2
EMP-007,0,7,1,1,1,0,3
EMP-007,1,2,1,0,0,0,0
EMP-007,2,97,1,1,0,0,1
EMP-007,3,6,1,2,0,0,2
EMP-007,4,3,1,1,1,0,3
EMP-007,5,5,1,0,0,0,0
EMP-007,6,1,1,1,0,0,1
EMP-007,7,5,1,2,0,0,2
EMP-007,8,75,1,1,1,0,3
EMP-007,0,11,0,0,0,0,0
EMP-007,1,12,1,1,0,0,1
EMP-007,2,35,0,1,2,0,2
EMP-007,3,2,1,1,2,1,3
EMP-007,4,3,0,0,0,0,0
EMP-007,5,3,1,1,0,0,1
EMP-007,6,1,1,1,2,0,2
EMP-007,7,4,1,1,1,0,3
EMP-007,8,43,1,0,0,0,0
EMP-007,0,13,1,1,0,0,1
EMP-007,1,4,1,2,0,0,2
EMP-007,2,11,1,2,0,1,3
EMP-007,3,3,1,0,0,0,0
EMP-007,4,5,1,1,0,0,1
EMP-007,5,4,1,1,2,0,2
EMP-007,6,2,1,1,2,1,3
EMP-007,7,2,1,0,0,0,0
EMP-007,8,54,1,1,0,0,1
EMP-007,0,7,1,2,0,0,2
EMP-007,1,7,1,1,1,0,3
EMP-007,2,105,1,0,0,0,0
EMP-007,3,6,1,1,0,0,1
EMP-007,4,7,1,1,2,0,2
EMP-007,5,4,0,1,1,0,3
EMP-007,6,1,1,0,0,0,0
EMP-007,7,2,0,1,0,0,1
EMP-007,8,33,1,2,0,0,2
EMP-007,0,12,1,1,1,0,3
EMP-007,1,6,1,0,0,0,0
EMP-007,2,56,1,1,0,0,1
EMP-007,3,5,1,2,0,0,2
EMP-007,4,6,1,2,0,1,3
EMP-007,5,4,1,0,0,0,0
EMP-007,6,2,1,1,0,0,1
EMP-007,7,5,1,1,2,0,2
EMP-007,8,84,1,1,1,0,3
EMP-007,0,14,1,0,0,0,0
EMP-007,1,13,1,1,0,0,1
EMP-007,2,56,1,2,0,0,2
EMP-007,3,7,1,1,2,1,3
EMP-007,4,1,1,0,0,0,0
EMP-007,5,1,1,1,0,0,1
EMP-007,6,3,1,1,2,0,2
EMP-007,7,4,1,1,1,0,3
EMP-007,8,49,1,0,0,0,0
EMP-007,0,10,1,1,0,0,1
EMP-007,1,3,1,2,0,0,2
EMP-007,2,71,1,1,2,1,3
EMP-007,3,6,1,0,0,0,0
EMP-007,4,4,1,1,0,0,1
EMP-007,5,4,1,2,0,0,2
EMP-007,6,3,1,1,2,1,3
EMP-007,7,4,1,0,0,0,0
EMP-007,8,28,1,1,0,0,1
EMP-007,0,13,1,2,0,0,2
EMP-007,1,10,1,1,2,1,3
EMP-007,2,88,1,0,0,0,0
EMP-007,3,7,1,1,0,0,1
EMP-007,4,7,1,2,0,0,2
EMP-007,5,5,1,1,1,0,3
EMP-007,6,2,1,0,0,0,0
EMP-007,7,4,1,1,0,0,1
EMP-007,8,62,1,1,2,0,2
EMP-007,0,15,1,1,1,0,3
EMP-008,0,10,1,0,0,0,0
EMP-008,1,2,1,1,0,0,1
EMP-008,2,13,1,2,0,0,2
EMP-008,3,4,1,1,1,0,3
EMP-008,4,7,0,0,0,0,0
EMP-008,5,5,1,1,0,0,1
EMP-008,6,1,1,1,2,0,2
EMP-008,7,5,1,1,1,0,3
EMP-008,8,63,1,0,0,0,0
EMP-008,0,6,1,1,0,0,1
EMP-008,1,7,1,2,0,0,2
EMP-008,2,16,1,2,0,1,3
EMP-008,3,6,1,0,0,0,0
EMP-008,4,5,1,1,0,0,1
EMP-008,5,5,1,2,0,0,2
EMP-008,6,2,1,2,0,1,3
EMP-008,7,1,1,0,0,0,0
EMP-008,8,59,1,1,0,0,1
EMP-008,0,6,1,1,2,0,2
EMP-008,1,3,1,2,0,1,3
EMP-008,2,22,1,0,0,0,0
EMP-008,3,6,1,1,0,0,1
EMP-008,4,6,1,1,2,0,2
EMP-008,5,3,1,1,1,0,3
EMP-008,6,1,1,0,0,0,0
EMP-008,7,5,1,1,0,0,1
EMP-008,8,62,1,1,2,0,2
EMP-008,0,15,1,1,1,0,3
EMP-008,1,7,1,0,0,0,0
EMP-008,2,4,0,1,0,0,1
EMP-008,3,7,1,1,2,0,2
EMP-008,4,4,1,1,2,1,3
EMP-008,5,5,1,0,0,0,0
EMP-008,6,2,1,1,0,0,1
EMP-008,7,3,0,1,2,0,2
EMP-008,8,8,1,1,1,0,3
EMP-008,0,13,1,0,0,0,0
EMP-008,1,1,1,1,0,0,1
EMP-008,2,61,1,1,2,0,2
EMP-008,3,2,1,1,1,0,3
EMP-008,4,5,1,0,0,0,0
EMP-008,5,5,1,1,0,0,1
EMP-008,6,2,1,1,2,0,2
EMP-008,7,5,0,1,1,0,3
EMP-008,8,83,1,0,0,0,0
EMP-008,0,9,1,1,0,0,1
EMP-008,1,12,1,1,2,0,2
EMP-008,2,52,1,1,1,0,3
EMP-008,3,1,1,0,0,0,0
EMP-008,4,1,1,1,0,0,1
EMP-008,5,3,1,1,2,0,2
EMP-008,6,3,1,1,1,0,3
EMP-008,7,1,1,0,0,0,0
EMP-008,8,72,1,1,0,0,1
EMP-008,0,12,1,2,0,0,2
EMP-008,1,14,1,1,1,0,3
EMP-008,2,95,1,0,0,0,0
EMP-008,3,2,1,1,0,0,1
EMP-008,4,5,1,2,0,0,2
EMP-008,5,2,1,1,1,0,3
EMP-008,6,3,1,0,0,0,0
EMP-008,7,1,1,1,0,0,1
EMP-008,8,11,1,1,2,0,2
EMP-008,0,2,1,1,1,0,3
EMP-008,1,12,1,0,0,0,0
EMP-008,2,6,1,1,0,0,1
EMP-008,3,6,1,2,0,0,2
EMP-008,4,5,1,1,1,0,3
EMP-008,5,2,1,0,0,0,0
EMP-008,6,2,1,1,0,0,1
EMP-008,7,2,1,2,0,0,2
EMP-008,8,60,1,1,2,1,3
EMP-008,0,8,1,0,0,0,0
EMP-008,1,12,1,1,0,0,1
EMP-008,2,82,1,2,0,0,2
EMP-008,3,4,1,2,0,1,3
EMP-008,4,4,1,0,0,0,0
EMP-008,5,4,1,1,0,0,1
EMP-008,6,3,1,1,2,0,2
EMP-008,7,2,1,1,2,1,3
EMP-008,8,73,1,0,0,0,0
EMP-008,0,8,1,1,0,0,1
EMP-008,1,3,1,1,2,0,2
EMP-008,2,27,1,1,2,1,3
EMP-008,3,5,1,0,0,0,0
EMP-008,4,7,1,1,0,0,1
EMP-008,5,2,1,2,0,0,2
EMP-008,6,3,1,1,2,1,3
EMP-008,7,2,1,0,0,0,0
EMP-008,8,21,1,1,0,0,1
EMP-008,0,1,1,1,2,0,2
EMP-008,1,13,1,1,2,1,3
EMP-008,2,52,1,0,0,0,0
EMP-008,3,1,1,1,0,0,1
EMP-008,4,1,1,1,2,0,2
EMP-008,5,3,1,1,1,0,3
EMP-008,6,3,1,0,0,0,0
EMP-008,7,4,1,1,0,0,1
EMP-008,8,23,1,1,2,0,2
EMP-008,0,10,1,2,0,1,3
EMP-009,0,13,1,0,0,0,0
EMP-009,1,10,1,1,0,0,1
EMP-009,2,55,1,1,2,0,2
EMP-009,3,6,1,2,0,1,3
EMP-009,4,1,1,0,0,0,0
EMP-009,5,3,1,1,0,0,1
EMP-009,6,3,1,2,0,0,2
EMP-009,7,5,1,2,0,1,3
EMP-009,8,58,1,0,0,0,0
EMP-009,0,15,1,1,0,0,1
EMP-009,1,15,1,2,0,0,2
EMP-009,2,55,1,1,1,0,3
EMP-009,3,1,1,0,0,0,0
EMP-009,4,7,1,1,0,0,1
EMP-009,5,2,1,2,0,0,2
EMP-009,6,2,1,1,1,0,3
EMP-009,7,1,1,0,0,0,0
EMP-009,8,90,1,1,0,0,1
EMP-009,0,6,1,1,2,0,2
EMP-009,1,6,1,1,2,1,3
EMP-009,2,15,1,0,0,0,0
EMP-009,3,3,1,1,0,0,1
EMP-009,4,7,1,2,0,0,2
EMP-009,5,5,1,1,1,0,3
EMP-009,6,1,1,0,0,0,0
EMP-009,7,5,1,1,0,0,1
EMP-009,8,6,1,2,0,0,2
EMP-009,0,2,1,1,1,0,3
EMP-009,1,14,1,0,0,0,0
EMP-009,2,44,1,1,0,0,1
EMP-009,3,3,1,1,2,0,2
EMP-009,4,3,1,2,0,1,3
EMP-009,5,2,1,0,0,0,0
EMP-009,6,1,1,1,0,0,1
EMP-009,7,3,1,1,2,0,2
EMP-009,8,36,1,1,1,0,3
EMP-009,0,14,1,0,0,0,0
EMP-009,1,15,1,1,0,0,1
EMP-009,2,68,1,1,2,0,2
EMP-009,3,6,1,2,0,1,3
EMP-009,4,2,1,0,0,0,0
EMP-009,5,3,1,1,0,0,1
EMP-009,6,3,1,2,0,0,2
EMP-009,7,4,1,1,1,0,3
EMP-009,8,57,1,0,0,0,0
EMP-009,0,14,1,1,0,0,1
EMP-009,1,2,0,2,0,0,2
EMP-009,2,39,1,1,1,0,3
EMP-009,3,5,1,0,0,0,0
EMP-009,4,6,1,1,0,0,1
EMP-009,5,2,1,1,2,0,2
EMP-009,6,1,1,2,0,1,3
EMP-009,7,2,1,0,0,0,0
EMP-009,8,74,1,1,0,0,1
EMP-009,0,8,0,1,2,0,2
EMP-009,1,11,1,1,1,0,3
EMP-009,2,63,1,0,0,0,0
EMP-009,3,1,1,1,0,0,1
EMP-009,4,6,1,1,2,0,2
EMP-009,5,1,1,1,1,0,3
EMP-009,6,3,1,0,0,0,0
EMP-009,7,2,0,1,0,0,1
EMP-009,8,60,1,1,2,0,2
EMP-009,0,2,1,1,1,0,3
EMP-009,1,7,1,0,0,0,0
EMP-009,2,47,1,1,0,0,1
EMP-009,3,4,1,1,2,0,2
EMP-009,4,4,1,1,1,0,3
EMP-009,5,1,1,0,0,0,0
EMP-009,6,2,1,1,0,0,1
EMP-009,7,2,1,2,0,0,2
EMP-009,8,25,1,1,1,0,3
EMP-009,0,2,1,0,0,0,0
EMP-009,1,11,0,1,0,0,1
EMP-009,2,21,1,1,2,0,2
EMP-009,3,1,1,1,1,0,3
EMP-009,4,4,0,0,0,0,0
EMP-009,5,2,1,1,0,0,1
EMP-009,6,3,1,1,2,0,2
EMP-009,7,3,0,1,1,0,3
EMP-009,8,6,1,0,0,0,0
EMP-009,0,11,1,1,0,0,1
EMP-009,1,10,1,1,2,0,2
EMP-009,2,103,0,2,0,1,3
EMP-009,3,7,1,0,0,0,0
EMP-009,4,7,1,1,0,0,1
EMP-009,5,4,1,2,0,0,2
EMP-009,6,1,1,1,2,1,3
EMP-009,7,5,1,0,0,0,0
EMP-009,8,36,1,1,0,0,1
EMP-009,0,13,1,1,2,0,2
EMP-009,1,7,1,1,1,0,3
EMP-009,2,52,1,0,0,0,0
EMP-009,3,5,1,1,0,0,1
EMP-009,4,7,1,2,0,0,2
EMP-009,5,3,1,1,2,1,3
EMP-009,6,3,1,0,0,0,0
EMP-009,7,4,1,1,0,0,1
EMP-009,8,63,1,1,2,0,2
EMP-009,0,2,1,1,2,1,3
EMP-010,0,7,1,0,0,0,0
EMP-010,1,11,1,1,0,0,1
EMP-010,2,93,1,1,2,0,2
EMP-010,3,7,1,1,2,1,3
EMP-010,4,6,1,0,0,0,0
EMP-010,5,1,1,1,0,0,1
EMP-010,6,2,1,1,2,0,2
EMP-010,7,3,1,1,1,0,3
EMP-010,8,44,1,0,0,0,0
EMP-010,0,10,1,1,0,0,1
EMP-010,1,15,1,2,0,0,2
EMP-010,2,94,1,1,1,0,3
EMP-010,3,5,1,0,0,0,0
EMP-010,4,3,1,1,0,0,1
EMP-010,5,2,1,1,2,0,2
EMP-010,6,2,1,1,1,0,3
EMP-010,7,5,1,0,0,0,0
EMP-010,8,88,1,1,0,0,1
EMP-010,0,7,1,2,0,0,2
EMP-010,1,15,1,2,0,1,3
EMP-010,2,92,1,0,0,0,0
EMP-010,3,7,1,1,0,0,1
EMP-010,4,2,1,2,0,0,2
EMP-010,5,4,1,2,0,1,3
EMP-010,6,3,1,0,0,0,0
EMP-010,7,3,1,1,0,0,1
EMP-010,8,27,1,2,0,0,2
EMP-010,0,2,1,1,2,1,3
EMP-010,1,9,0,0,0,0,0
EMP-010,2,10,1,1,0,0,1
EMP-010,3,1,1,2,0,0,2
EMP-010,4,2,1,1,1,0,3
EMP-010,5,5,1,0,0,0,0
EMP-010,6,2,0,1,0,0,1
EMP-010,7,1,1,1,2,0,2
EMP-010,8,89,1,1,2,1,3
EMP-010,0,9,1,0,0,0,0
EMP-010,1,9,1,1,0,0,1
EMP-010,2,20,1,2,0,0,2
EMP-010,3,3,1,1,2,1,3
EMP-010,4,7,1,0,0,0,0
EMP-010,5,2,1,1,0,0,1
EMP-010,6,1,1,2,0,0,2
EMP-010,7,5,1,2,0,1,3
EMP-010,8,14,1,0,0,0,0
EMP-010,0,10,1,1,0,0,1
EMP-010,1,8,1,2,0,0,2
EMP-010,2,22,1,1,1,0,3
EMP-010,3,4,1,0,0,0,0
EMP-010,4,1,1,1,0,0,1
EMP-010,5,4,1,1,2,0,2
EMP-010,6,1,1,2,0,1,3
EMP-010,7,3,1,0,0,0,0
EMP-010,8,78,1,1,0,0,1
EMP-010,0,1,1,2,0,0,2
EMP-010,1,7,1,1,1,0,3
EMP-010,2,17,1,0,0,0,0
EMP-010,3,7,1,1,0,0,1
EMP-010,4,5,1,1,2,0,2
EMP-010,5,3,1,1,1,0,3
EMP-010,6,1,1,0,0,0,0
EMP-010,7,1,1,1,0,0,1
EMP-010,8,54,1,2,0,0,2
EMP-010,0,13,1,1,1,0,3
EMP-010,1,9,1,0,0,0,0
EMP-010,2,25,1,1,0,0,1
EMP-010,3,2,1,1,2,0,2
EMP-010,4,1,1,1,2,1,3
EMP-010,5,3,1,0,0,0,0
EMP-010,6,2,1,1,0,0,1
EMP-010,7,5,1,1,2,0,2
EMP-010,8,20,1,1,1,0,3
EMP-010,0,10,1,0,0,0,0
EMP-010,1,1,1,1,0,0,1
EMP-010,2,29,1,2,0,0,2
EMP-010,3,3,1,1,1,0,3
EMP-010,4,5,1,0,0,0,0
EMP-010,5,4,1,1,0,0,1
EMP-010,6,1,1,1,2,0,2
EMP-010,7,3,1,1,1,0,3
EMP-010,8,13,1,0,0,0,0
EMP-010,0,9,1,1,0,0,1
EMP-010,1,4,1,2,0,0,2
EMP-010,2,43,1,2,0,1,3
EMP-010,3,3,1,0,0,0,0
EMP-010,4,3,1,1,0,0,1
EMP-010,5,1,1,1,2,0,2
EMP-010,6,3,1,1,2,1,3
EMP-010,7,3,1,0,0,0,0
EMP-010,8,27,1,1,0,0,1
EMP-010,0,2,1,2,0,0,2
EMP-010,1,14,1,1,1,0,3
EMP-010,2,92,1,0,0,0,0
EMP-010,3,3,1,1,0,0,1
EMP-010,4,7,1,2,0,0,2
EMP-010,5,5,1,1,1,0,3
EMP-010,6,2,1,0,0,0,0
EMP-010,7,3,1,1,0,0,1
EMP-010,8,37,0,1,2,0,2
EMP-010,0,9,1,1,1,0,3
EMP-011,0,6,1,0,0,0,0
EMP-011,1,6,1,1,0,0,1
EMP-011,2,96,1,1,2,0,2
EMP-011,3,3,1,1,1,0,3
EMP-011,4,5,1,0,0,0,0
EMP-011,5,4,1,1,0,0,1
EMP-011,6,1,1,1,2,0,2
EMP-011,7,3,1,1,2,1,3
EMP-011,8,17,1,0,0,0,0
EMP-011,0,14,1,1,0,0,1
EMP-011,1,13,1,1,2,0,2
EMP-011,2,89,1,2,0,1,3
EMP-011,3,6,1,0,0,0,0
EMP-011,4,6,1,1,0,0,1
EMP-011,5,1,1,2,0,0,2
EMP-011,6,2,1,1,2,1,3
EMP-011,7,5,1,0,0,0,0
EMP-011,8,52,1,1,0,0,1
EMP-011,0,12,1,1,2,0,2
EMP-011,1,1,1,1,1,0,3
EMP-011,2,4,1,0,0,0,0
EMP-011,3,6,1,1,0,0,1
EMP-011,4,5,1,1,2,0,2
EMP-011,5,3,1,1,1,0,3
EMP-011,6,3,1,0,0,0,0
EMP-011,7,1,1,1,0,0,1
EMP-011,8,29,1,1,2,0,2
EMP-011,0,11,1,1,1,0,3
EMP-011,1,7,1,0,0,0,0
EMP-011,2,90,1,1,0,0,1
EMP-011,3,1,1,1,2,0,2
EMP-011,4,3,1,1,1,0,3
EMP-011,5,4,1,0,0,0,0
EMP-011,6,1,1,1,0,0,1
EMP-011,7,5,1,2,0,0,2
EMP-011,8,87,1,2,0,1,3
EMP-011,0,8,1,0,0,0,0
EMP-011,1,5,1,1,0,0,1
EMP-011,2,101,0,2,0,0,2
EMP-011,3,2,1,1,1,0,3
EMP-011,4,3,1,0,0,0,0
EMP-011,5,5,0,1,0,0,1
EMP-011,6,1,1,1,2,0,2
EMP-011,7,2,1,1,2,1,3
EMP-011,8,3,1,0,0,0,0
EMP-011,0,2,1,1,0,0,1
EMP-011,1,5,1,2,0,0,2
EMP-011,2,95,1,1,1,0,3
EMP-011,3,2,1,0,0,0,0
EMP-011,4,2,1,1,0,0,1
EMP-011,5,2,1,2,0,0,2
EMP-011,6,1,1,1,2,1,3
EMP-011,7,4,1,0,0,0,0
EMP-011,8,51,1,1,0,0,1
EMP-011,0,9,0,2,0,0,2
EMP-011,1,5,1,1,1,0,3
EMP-011,2,96,1,0,0,0,0
EMP-011,3,3,1,1,0,0,1
EMP-011,4,7,1,1,2,0,2
EMP-011,5,3,1,1,2,1,3
EMP-011,6,2,1,0,0,0,0
EMP-011,7,5,1,1,0,0,1
EMP-011,8,67,1,2,0,0,2
EMP-011,0,4,1,1,2,1,3
EMP-011,1,8,1,0,0,0,0
EMP-011,2,77,1,1,0,0,1
EMP-011,3,1,1,2,0,0,2
EMP-011,4,1,1,1,1,0,3
EMP-011,5,2,1,0,0,0,0
EMP-011,6,1,1,1,0,0,1
EMP-011,7,1,1,2,0,0,2
EMP-011,8,72,1,1,2,1,3
EMP-011,0,1,1,0,0,0,0
EMP-011,1,14,1,1,0,0,1
EMP-011,2,41,1,1,2,0,2
EMP-011,3,6,1,1,1,0,3
EMP-011,4,2,1,0,0,0,0
EMP-011,5,3,1,1,0,0,1
EMP-011,6,2,1,1,2,0,2
EMP-011,7,4,1,1,2,1,3
EMP-011,8,84,1,0,0,0,0
EMP-011,0,4,1,1,0,0,1
EMP-011,1,2,0,2,0,0,2
EMP-011,2,6,1,1,2,1,3
EMP-011,3,5,1,0,0,0,0
EMP-011,4,4,1,1,0,0,1
EMP-011,5,2,1,2,0,0,2
EMP-011,6,2,1,1,1,0,3
EMP-011,7,5,1,0,0,0,0
EMP-011,8,55,1,1,0,0,1
EMP-011,0,3,1,2,0,0,2
EMP-011,1,14,1,1,2,1,3
EMP-011,2,51,1,0,0,0,0
EMP-011,3,6,1,1,0,0,1
EMP-011,4,6,1,2,0,0,2
EMP-011,5,4,1,1,1,0,3
EMP-011,6,3,1,0,0,0,0
EMP-011,7,4,1,1,0,0,1
EMP-011,8,49,1,2,0,0,2
EMP-011,0,15,1,1,1,0,3
EMP-012,0,13,1,0,0,0,0
EMP-012,1,12,1,1,0,0,1
EMP-012,2,16,1,2,0,0,2
EMP-012,3,5,1,2,0,1,3
EMP-012,4,5,1,0,0,0,0
EMP-012,5,5,1,1,0,0,1
EMP-012,6,1,1,1,2,0,2
EMP-012,7,3,1,1,1,0,3
EMP-012,8,77,1,0,0,0,0
EMP-012,0,7,1,1,0,0,1
EMP-012,1,5,1,2,0,0,2
EMP-012,2,45,1,2,0,1,3
EMP-012,3,3,1,0,0,0,0
EMP-012,4,2,0,1,0,0,1
EMP-012,5,3,1,2,0,0,2
EMP-012,6,1,1,2,0,1,3
EMP-012,7,5,1,0,0,0,0
EMP-012,8,87,1,1,0,0,1
EMP-012,0,6,1,2,0,0,2
EMP-012,1,9,1,1,2,1,3
EMP-012,2,75,1,0,0,0,0
EMP-012,3,6,1,1,0,0,1
EMP-012,4,3,1,2,0,0,2
EMP-012,5,5,1,2,0,1,3
EMP-012,6,1,1,0,0,0,0
EMP-012,7,5,1,1,0,0,1
EMP-012,8,1,1,1,2,0,2
EMP-012,0,12,1,1,1,0,3
EMP-012,1,2,1,0,0,0,0
EMP-012,2,23,1,1,0,0,1
EMP-012,3,6,1,2,0,0,2
EMP-012,4,3,1,2,0,1,3
EMP-012,5,2,1,0,0,0,0
EMP-012,6,1,1,1,0,0,1
EMP-012,7,5,1,2,0,0,2
EMP-012,8,48,1,1,1,0,3
EMP-012,0,10,1,0,0,0,0
EMP-012,1,4,1,1,0,0,1
EMP-012,2,88,1,2,0,0,2
EMP-012,3,7,1,1,1,0,3
EMP-012,4,5,1,0,0,0,0
EMP-012,5,4,1,1,0,0,1
EMP-012,6,3,1,2,0,0,2
EMP-012,7,5,1,1,1,0,3
EMP-012,8,2,1,0,0,0,0
EMP-012,0,4,1,1,0,0,1
EMP-012,1,10,1,1,2,0,2
EMP-012,2,67,0,2,0,1,3
EMP-012,3,5,0,0,0,0,0
EMP-012,4,5,1,1,0,0,1
EMP-012,5,5,1,1,2,0,2
EMP-012,6,1,1,1,1,0,3
EMP-012,7,4,1,0,0,0,0
EMP-012,8,56,1,1,0,0,1
EMP-012,0,7,1,2,0,0,2
EMP-012,1,7,1,2,0,1,3
EMP-012,2,95,1,0,0,0,0
EMP-012,3,2,1,1,0,0,1
EMP-012,4,7,1,2,0,0,2
EMP-012,5,5,1,1,1,0,3
EMP-012,6,3,1,0,0,0,0
EMP-012,7,2,1,1,0,0,1
EMP-012,8,75,1,2,0,0,2
EMP-012,0,3,1,2,0,1,3
EMP-012,1,14,1,0,0,0,0
EMP-012,2,88,1,1,0,0,1
EMP-012,3,7,1,2,0,0,2
EMP-012,4,7,1,1,1,0,3
EMP-012,5,4,1,0,0,0,0
EMP-012,6,3,1,1,0,0,1
EMP-012,7,3,1,1,2,0,2
EMP-012,8,83,1,2,0,1,3
EMP-012,0,11,1,0,0,0,0
EMP-012,1,4,1,1,0,0,1
EMP-012,2,24,1,2,0,0,2
EMP-012,3,6,1,1,1,0,3
EMP-012,4,3,1,0,0,0,0
EMP-012,5,3,1,1,0,0,1
EMP-012,6,3,1,1,2,0,2
EMP-012,7,3,1,2,0,1,3
EMP-012,8,59,1,0,0,0,0
EMP-012,0,4,1,1,0,0,1
EMP-012,1,6,1,1,2,0,2
EMP-012,2,1,1,2,0,1,3
EMP-012,3,3,1,0,0,0,0
EMP-012,4,6,1,1,0,0,1
EMP-012,5,3,1,1,2,0,2
EMP-012,6,3,1,2,0,1,3
EMP-012,7,5,1,0,0,0,0
EMP-012,8,63,1,1,0,0,1
EMP-012,0,9,1,1,2,0,2
EMP-012,1,5,1,1,1,0,3
EMP-012,2,47,1,0,0,0,0
EMP-012,3,4,1,1,0,0,1
EMP-012,4,5,1,1,2,0,2
EMP-012,5,4,1,1,2,1,3
EMP-012,6,2,1,0,0,0,0
EMP-012,7,3,1,1,0,0,1
EMP-012,8,36,1,2,0,0,2
EMP-012,0,14,1,2,0,1,3
EMP-013,0,13,1,0,0,0,0
EMP-013,1,14,1,1,0,0,1
EMP-013,2,13,1,1,2,0,2
EMP-013,3,4,1,1,2,1,3
EMP-013,4,7,1,0,0,0,0
EMP-013,5,5,1,1,0,0,1
EMP-013,6,2,1,1,2,0,2
EMP-013,7,1,1,1,1,0,3
EMP-013,8,84,1,0,0,0,0
EMP-013,0,5,1,1,0,0,1
EMP-013,1,5,1,2,0,0,2
EMP-013,2,43,1,2,0,1,3
EMP-013,3,5,1,0,0,0,0
EMP-013,4,6,1,1,0,0,1
EMP-013,5,1,1,2,0,0,2
EMP-013,6,3,1,1,2,1,3
EMP-013,7,1,1,0,0,0,0
EMP-013,8,86,1,1,0,0,1
EMP-013,0,6,1,2,0,0,2
EMP-013,1,11,1,1,1,0,3
EMP-013,2,65,1,0,0,0,0
EMP-013,3,1,1,1,0,0,1
EMP-013,4,4,1,1,2,0,2
EMP-013,5,3,1,1,1,0,3
EMP-013,6,1,1,0,0,0,0
EMP-013,7,4,1,1,0,0,1
EMP-013,8,80,1,2,0,0,2
EMP-013,0,8,0,2,0,1,3
EMP-013,1,13,1,0,0,0,0
EMP-013,2,43,1,1,0,0,1
EMP-013,3,2,1,2,0,0,2
EMP-013,4,6,0,1,1,0,3
EMP-013,5,2,0,0,0,0,0
EMP-013,6,3,1,1,0,0,1
EMP-013,7,2,1,1,2,0,2
EMP-013,8,65,1,2,0,1,3
EMP-013,0,13,1,0,0,0,0
EMP-013,1,14,1,1,0,0,1
EMP-013,2,47,1,1,2,0,2
EMP-013,3,3,0,1,1,0,3
EMP-013,4,3,0,0,0,0,0
EMP-013,5,1,1,1,0,0,1
EMP-013,6,1,1,1,2,0,2
EMP-013,7,3,1,1,2,1,3
EMP-013,8,62,1,0,0,0,0
EMP-013,0,6,1,1,0,0,1
EMP-013,1,14,1,1,2,0,2
EMP-013,2,98,1,2,0,1,3
EMP-013,3,2,1,0,0,0,0
EMP-013,4,6,1,1,0,0,1
EMP-013,5,3,1,1,2,0,2
EMP-013,6,2,1,2,0,1,3
EMP-013,7,5,1,0,0,0,0
EMP-013,8,65,1,1,0,0,1
EMP-013,0,11,1,1,2,0,2
EMP-013,1,11,1,2,0,1,3
EMP-013,2,65,1,0,0,0,0
EMP-013,3,3,0,1,0,0,1
EMP-013,4,3,1,1,2,0,2
EMP-013,5,4,1,1,2,1,3
EMP-013,6,2,1,0,0,0,0
EMP-013,7,3,1,1,0,0,1
EMP-013,8,50,1,2,0,0,2
EMP-013,0,6,1,2,0,1,3
EMP-013,1,15,1,0,0,0,0
EMP-013,2,70,1,1,0,0,1
EMP-013,3,6,1,1,2,0,2
EMP-013,4,2,1,2,0,1,3
EMP-013,5,1,0,0,0,0,0
EMP-013,6,1,1,1,0,0,1
EMP-013,7,3,1,1,2,0,2
EMP-013,8,55,1,1,1,0,3
EMP-013,0,6,1,0,0,0,0
EMP-013,1,14,1,1,0,0,1
EMP-013,2,35,1,1,2,0,2
EMP-013,3,2,1,1,1,0,3
EMP-013,4,7,1,0,0,0,0
EMP-013,5,2,1,1,0,0,1
EMP-013,6,1,1,1,2,0,2
EMP-013,7,2,1,1,1,0,3
EMP-013,8,21,1,0,0,0,0
EMP-013,0,1,1,1,0,0,1
EMP-013,1,3,1,1,2,0,2
EMP-013,2,64,1,1,1,0,3
EMP-013,3,7,1,0,0,0,0
EMP-013,4,4,1,1,0,0,1
EMP-013,5,3,1,1,2,0,2
EMP-013,6,2,1,2,0,1,3
EMP-013,7,2,1,0,0,0,0
EMP-013,8,74,1,1,0,0,1
EMP-013,0,11,1,1,2,0,2
EMP-013,1,8,1,1,2,1,3
EMP-013,2,101,1,0,0,0,0
EMP-013,3,1,1,1,0,0,1
EMP-013,4,1,1,1,2,0,2
EMP-013,5,2,1,2,0,1,3
EMP-013,6,1,1,0,0,0,0
EMP-013,7,5,1,1,0,0,1
EMP-013,8,17,1,1,2,0,2
EMP-013,0,5,1,2,0,1,3
EMP-014,0,13,1,0,0,0,0
EMP-014,1,2,1,1,0,0,1
EMP-014,2,47,1,1,2,0,2
EMP-014,3,7,1,2,0,1,3
EMP-014,4,2,1,0,0,0,0
EMP-014,5,1,1,1,0,0,1
EMP-014,6,2,1,1,2,0,2
EMP-014,7,5,1,1,1,0,3
EMP-014,8,19,1,0,0,0,0
EMP-014,0,1,1,1,0,0,1
EMP-014,1,8,1,1,2,0,2
EMP-014,2,55,1,1,1,0,3
EMP-014,3,4,1,0,0,0,0
EMP-014,4,7,1,1,0,0,1
EMP-014,5,4,1,2,0,0,2
EMP-014,6,2,1,1,2,1,3
EMP-014,7,2,1,0,0,0,0
EMP-014,8,6,1,1,0,0,1
EMP-014,0,7,1,2,0,0,2
EMP-014,1,10,1,1,2,1,3
EMP-014,2,84,1,0,0,0,0
EMP-014,3,4,1,1,0,0,1
EMP-014,4,2,1,1,2,0,2
EMP-014,5,1,1,1,1,0,3
EMP-014,6,1,1,0,0,0,0
EMP-014,7,2,1,1,0,0,1
EMP-014,8,21,1,1,2,0,2
EMP-014,0,2,0,1,2,1,3
EMP-014,1,1,1,0,0,0,0
EMP-014,2,2,1,1,0,0,1
EMP-014,3,3,1,1,2,0,2
EMP-014,4,2,1,1,2,1,3
EMP-014,5,4,1,0,0,0,0
EMP-014,6,2,1,1,0,0,1
EMP-014,7,4,1,1,2,0,2
EMP-014,8,51,1,1,1,0,3
EMP-014,0,3,1,0,0,0,0
EMP-014,1,11,1,1,0,0,1
EMP-014,2,101,1,2,0,0,2
EMP-014,3,3,1,1,1,0,3
EMP-014,4,5,1,0,0,0,0
EMP-014,5,5,1,1,0,0,1
EMP-014,6,3,1,1,2,0,2
EMP-014,7,5,1,1,1,0,3
EMP-014,8,38,1,0,0,0,0
EMP-014,0,8,1,1,0,0,1
EMP-014,1,7,1,2,0,0,2
EMP-014,2,12,1,2,0,1,3
EMP-014,3,2,1,0,0,0,0
EMP-014,4,1,1,1,0,0,1
EMP-014,5,3,1,1,2,0,2
EMP-014,6,2,1,2,0,1,3
EMP-014,7,4,1,0,0,0,0
EMP-014,8,19,1,1,0,0,1
EMP-014,0,1,1,1,2,0,2
EMP-014,1,13,1,1,1,0,3
EMP-014,2,12,1,0,0,0,0
EMP-014,3,2,1,1,0,0,1
EMP-014,4,5,1,2,0,0,2
EMP-014,5,4,1,2,0,1,3
EMP-014,6,2,1,0,0,0,0
EMP-014,7,5,1,1,0,0,1
EMP-014,8,39,1,1,2,0,2
EMP-014,0,9,1,1,1,0,3
EMP-014,1,6,1,0,0,0,0
EMP-014,2,86,1,1,0,0,1
EMP-014,3,7,0,1,2,0,2
EMP-014,4,3,1,1,2,1,3
EMP-014,5,5,1,0,0,0,0
EMP-014,6,1,1,1,0,0,1
EMP-014,7,1,1,1,2,0,2
EMP-014,8,57,1,1,1,0,3
EMP-014,0,10,1,0,0,0,0
EMP-014,1,14,1,1,0,0,1
EMP-014,2,42,1,2,0,0,2
EMP-014,3,3,1,1,2,1,3
EMP-014,4,7,1,0,0,0,0
EMP-014,5,1,1,1,0,0,1
EMP-014,6,2,1,1,2,0,2
EMP-014,7,4,1,1,1,0,3
EMP-014,8,18,1,0,0,0,0
EMP-014,0,8,1,1,0,0,1
EMP-014,1,14,1,1,2,0,2
EMP-014,2,52,1,1,1,0,3
EMP-014,3,2,1,0,0,0,0
EMP-014,4,7,1,1,0,0,1
EMP-014,5,1,1,2,0,0,2
EMP-014,6,1,1,1,2,1,3
EMP-014,7,1,1,0,0,0,0
EMP-014,8,34,1,1,0,0,1
EMP-014,0,8,1,2,0,0,2
EMP-014,1,10,1,1,2,1,3
EMP-014,2,90,1,0,0,0,0
EMP-014,3,2,1,1,0,0,1
EMP-014,4,4,1,2,0,0,2
EMP-014,5,2,1,1,1,0,3
EMP-014,6,2,0,0,0,0,0
EMP-014,7,2,1,1,0,0,1
EMP-014,8,76,1,2,0,0,2
EMP-014,0,12,1,2,0,1,3
EMP-015,0,11,1,0,0,0,0
EMP-015,1,13,1,1,0,0,1
EMP-015,2,50,1,1,2,0,2
EMP-015,3,7,1,1,1,0,3
EMP-015,4,7,1,0,0,0,0
EMP-015,5,4,1,1,0,0,1
EMP-015,6,1,1,2,0,0,2
EMP-015,7,5,0,1,2,1,3
EMP-015,8,40,1,0,0,0,0
EMP-015,0,11,1,1,0,0,1
EMP-015,1,13,1,2,0,0,2
EMP-015,2,31,0,1,2,1,3
EMP-015,3,5,1,0,0,0,0
EMP-015,4,1,1,1,0,0,1
EMP-015,5,4,1,2,0,0,2
EMP-015,6,3,1,1,1,0,3
EMP-015,7,5,1,0,0,0,0
EMP-015,8,58,1,1,0,0,1
EMP-015,0,10,1,2,0,0,2
EMP-015,1,7,1,1,1,0,3
EMP-015,2,51,1,0,0,0,0
EMP-015,3,1,1,1,0,0,1
EMP-015,4,7,1,1,2,0,2
EMP-015,5,3,1,1,1,0,3
EMP-015,6,3,1,0,0,0,0
EMP-015,7,4,1,1,0,0,1
EMP-015,8,76,1,2,0,0,2
EMP-015,0,9,1,2,0,1,3
EMP-015,1,15,1,0,0,0,0
EMP-015,2,98,1,1,0,0,1
EMP-015,3,4,1,1,2,0,2
EMP-015,4,2,1,1,2,1,3
EMP-015,5,5,1,0,0,0,0
EMP-015,6,1,1,1,0,0,1
EMP-015,7,2,1,2,0,0,2
EMP-015,8,88,1,1,1,0,3
EMP-015,0,7,0,0,0,0,0
EMP-015,1,14,1,1,0,0,1
EMP-015,2,22,1,1,2,0,2
EMP-015,3,4,1,2,0,1,3
EMP-015,4,7,1,0,0,0,0
EMP-015,5,3,1,1,0,0,1
EMP-015,6,3,1,2,0,0,2
EMP-015,7,1,1,1,1,0,3
EMP-015,8,68,1,0,0,0,0
EMP-015,0,14,1,1,0,0,1
EMP-015,1,4,1,2,0,0,2
EMP-015,2,49,1,2,0,1,3
EMP-015,3,4,1,0,0,0,0
EMP-015,4,7,1,1,0,0,1
EMP-015,5,4,1,2,0,0,2
EMP-015,6,1,1,1,1,0,3
EMP-015,7,5,1,0,0,0,0
EMP-015,8,30,1,1,0,0,1
EMP-015,0,14,1,1,2,0,2
EMP-015,1,4,1,1,2,1,3
EMP-015,2,68,1,0,0,0,0
EMP-015,3,2,1,1,0,0,1
EMP-015,4,2,1,1,2,0,2
EMP-015,5,5,1,1,2,1,3
EMP-015,6,3,1,0,0,0,0
EMP-015,7,1,1,1,0,0,1
EMP-015,8,78,1,1,2,0,2
EMP-015,0,9,0,1,2,1,3
EMP-015,1,4,1,0,0,0,0
EMP-015,2,38,1,1,0,0,1
EMP-015,3,3,1,1,2,0,2
EMP-015,4,6,1,1,1,0,3
EMP-015,5,3,1,0,0,0,0
EMP-015,6,2,1,1,0,0,1
EMP-015,7,1,1,1,2,0,2
EMP-015,8,21,1,2,0,1,3
EMP-015,0,4,1,0,0,0,0
EMP-015,1,6,1,1,0,0,1
EMP-015,2,5,1,2,0,0,2
EMP-015,3,6,1,1,1,0,3
EMP-015,4,1,1,0,0,0,0
EMP-015,5,3,1,1,0,0,1
EMP-015,6,3,1,1,2,0,2
EMP-015,7,5,1,1,2,1,3
EMP-015,8,85,1,0,0,0,0
EMP-015,0,7,1,1,0,0,1
EMP-015,1,5,1,2,0,0,2
EMP-015,2,81,1,1,1,0,3
EMP-015,3,7,1,0,0,0,0
EMP-015,4,2,1,1,0,0,1
EMP-015,5,4,1,1,2,0,2
EMP-015,6,2,1,1,1,0,3
EMP-015,7,1,1,0,0,0,0
EMP-015,8,82,1,1,0,0,1
EMP-015,0,11,1,2,0,0,2
EMP-015,1,8,1,1,1,0,3
EMP-015,2,69,1,0,0,0,0
EMP-015,3,4,1,1,0,0,1
EMP-015,4,1,1,1,2,0,2
EMP-015,5,5,1,1,1,0,3
EMP-015,6,2,1,0,0,0,0
EMP-015,7,3,1,1,0,0,1
EMP-015,8,81,1,1,2,0,2
EMP-015,0,9,1,2,0,1,3
EMP-016,0,6,1,0,0,0,0
EMP-016,1,13,1,1,0,0,1
EMP-016,2,65,1,2,0,0,2
EMP-016,3,2,1,2,0,1,3
EMP-016,4,4,1,0,0,0,0
EMP-016,5,3,1,1,0,0,1
EMP-016,6,3,1,2,0,0,2
EMP-016,7,4,1,1,1,0,3
EMP-016,8,34,1,0,0,0,0
EMP-016,0,2,1,1,0,0,1
EMP-016,1,11,1,2,0,0,2
EMP-016,2,72,1,1,1,0,3
EMP-016,3,5,1,0,0,0,0
EMP-016,4,6,1,1,0,0,1
EMP-016,5,4,1,2,0,0,2
EMP-016,6,2,1,1,1,0,3
EMP-016,7,4,1,0,0,0,0
EMP-016,8,55,0,1,0,0,1
EMP-016,0,8,1,2,0,0,2
EMP-016,1,15,1,1,2,1,3
EMP-016,2,102,1,0,0,0,0
EMP-016,3,7,1,1,0,0,1
EMP-016,4,2,1,2,0,0,2
EMP-016,5,1,1,1,1,0,3
EMP-016,6,3,1,0,0,0,0
EMP-016,7,3,1,1,0,0,1
EMP-016,8,34,1,2,0,0,2
EMP-016,0,10,1,2,0,1,3
EMP-016,1,6,1,0,0,0,0
EMP-016,2,32,1,1,0,0,1
EMP-016,3,6,1,1,2,0,2
EMP-016,4,5,1,2,0,1,3
EMP-016,5,2,1,0,0,0,0
EMP-016,6,3,1,1,0,0,1
EMP-016,7,4,1,1,2,0,2
EMP-016,8,74,0,1,1,0,3
EMP-016,0,5,1,0,0,0,0
EMP-016,1,4,1,1,0,0,1
EMP-016,2,99,1,1,2,0,2
EMP-016,3,6,1,1,2,1,3
EMP-016,4,5,1,0,0,0,0
EMP-016,5,5,1,1,0,0,1
EMP-016,6,1,1,1,2,0,2
EMP-016,7,1,1,1,2,1,3
EMP-016,8,52,1,0,0,0,0
EMP-016,0,11,1,1,0,0,1
EMP-016,1,15,1,2,0,0,2
EMP-016,2,60,1,1,1,0,3
EMP-016,3,4,1,0,0,0,0
EMP-016,4,5,1,1,0,0,1
EMP-016,5,5,1,2,0,0,2
EMP-016,6,2,1,1,1,0,3
EMP-016,7,5,0,0,0,0,0
EMP-016,8,5,1,1,0,0,1
EMP-016,0,14,1,2,0,0,2
EMP-016,1,10,1,1,2,1,3
EMP-016,2,71,1,0,0,0,0
EMP-016,3,6,1,1,0,0,1
EMP-016,4,4,1,1,2,0,2
EMP-016,5,1,1,1,2,1,3
EMP-016,6,2,1,0,0,0,0
EMP-016,7,3,1,1,0,0,1
EMP-016,8,38,1,2,0,0,2
EMP-016,0,9,1,1,2,1,3
EMP-016,1,1,1,0,0,0,0
EMP-016,2,22,1,1,0,0,1
EMP-016,3,5,0,2,0,0,2
EMP-016,4,5,1,1,2,1,3
EMP-016,5,2,1,0,0,0,0
EMP-016,6,2,1,1,0,0,1
EMP-016,7,3,1,2,0,0,2
EMP-016,8,13,1,2,0,1,3
EMP-016,0,5,1,0,0,0,0
EMP-016,1,4,1,1,0,0,1
EMP-016,2,91,1,2,0,0,2
EMP-016,3,2,1,1,2,1,3
EMP-016,4,6,1,0,0,0,0
EMP-016,5,4,1,1,0,0,1
EMP-016,6,3,1,2,0,0,2
EMP-016,7,3,1,2,0,1,3
EMP-016,8,51,1,0,0,0,0
EMP-016,0,14,1,1,0,0,1
EMP-016,1,13,1,1,2,0,2
EMP-016,2,58,1,1,2,1,3
EMP-016,3,6,1,0,0,0,0
EMP-016,4,3,1,1,0,0,1
EMP-016,5,2,1,2,0,0,2
EMP-016,6,3,1,1,1,0,3
EMP-016,7,1,1,0,0,0,0
EMP-016,8,84,0,1,0,0,1
EMP-016,0,3,1,1,2,0,2
EMP-016,1,13,1,1,2,1,3
EMP-016,2,60,1,0,0,0,0
EMP-016,3,7,1,1,0,0,1
EMP-016,4,4,1,2,0,0,2
EMP-016,5,1,1,1,1,0,3
EMP-016,6,2,1,0,0,0,0
EMP-016,7,5,1,1,0,0,1
EMP-016,8,26,1,1,2,0,2
EMP-016,0,11,1,1,2,1,3
EMP-017,0,15,1,0,0,0,0
EMP-017,1,8,1,1,0,0,1
EMP-017,2,21,1,2,0,0,2
EMP-017,3,2,1,2,0,1,3
EMP-017,4,3,1,0,0,0,0
EMP-017,5,1,1,1,0,0,1
EMP-017,6,2,1,2,0,0,2
EMP-017,7,5,1,2,0,1,3
EMP-017,8,31,1,0,0,0,0
EMP-017,0,13,1,1,0,0,1
EMP-017,1,15,1,2,0,0,2
EMP-017,2,80,1,1,2,1,3
EMP-017,3,7,1,0,0,0,0
EMP-017,4,5,0,1,0,0,1
EMP-017,5,4,1,1,2,0,2
EMP-017,6,1,1,2,0,1,3
EMP-017,7,5,0,0,0,0,0
EMP-017,8,51,1,1,0,0,1
EMP-017,0,12,1,2,0,0,2
EMP-017,1,5,1,1,1,0,3
EMP-017,2,105,1,0,0,0,0
EMP-017,3,6,1,1,0,0,1
EMP-017,4,1,1,2,0,0,2
EMP-017,5,2,1,1,2,1,3
EMP-017,6,2,1,0,0,0,0
EMP-017,7,5,1,1,0,0,1
EMP-017,8,82,1,1,2,0,2
EMP-017,0,5,1,1,1,0,3
EMP-017,1,4,1,0,0,0,0
EMP-017,2,81,1,1,0,0,1
EMP-017,3,5,0,2,0,0,2
EMP-017,4,7,1,1,1,0,3
EMP-017,5,4,0,0,0,0,0
EMP-017,6,1,1,1,0,0,1
EMP-017,7,2,1,2,0,0,2
EMP-017,8,80,1,1,1,0,3
EMP-017,0,3,1,0,0,0,0
EMP-017,1,15,1,1,0,0,1
EMP-017,2,11,1,1,2,0,2
EMP-017,3,4,1,2,0,1,3
EMP-017,4,2,1,0,0,0,0
EMP-017,5,1,1,1,0,0,1
EMP-017,6,3,1,1,2,0,2
EMP-017,7,4,1,1,1,0,3
EMP-017,8,48,1,0,0,0,0
EMP-017,0,9,1,1,0,0,1
EMP-017,1,4,1,2,0,0,2
EMP-017,2,32,1,1,2,1,3
EMP-017,3,6,1,0,0,0,0
EMP-017,4,1,1,1,0,0,1
EMP-017,5,2,1,1,2,0,2
EMP-017,6,3,1,1,1,0,3
EMP-017,7,4,1,0,0,0,0
EMP-017,8,36,1,1,0,0,1
EMP-017,0,4,1,1,2,0,2
EMP-017,1,9,1,1,2,1,3
EMP-017,2,44,1,0,0,0,0
EMP-017,3,7,1,1,0,0,1
EMP-017,4,2,1,2,0,0,2
EMP-017,5,3,1,1,1,0,3
EMP-017,6,1,1,0,0,0,0
EMP-017,7,3,1,1,0,0,1
EMP-017,8,58,1,1,2,0,2
EMP-017,0,4,1,2,0,1,3
EMP-017,1,2,1,0,0,0,0
EMP-017,2,12,1,1,0,0,1
EMP-017,3,6,1,1,2,0,2
EMP-017,4,1,1,2,0,1,3
EMP-017,5,5,1,0,0,0,0
EMP-017,6,1,1,1,0,0,1
EMP-017,7,4,1,1,2,0,2
EMP-017,8,57,0,1,2,1,3
EMP-017,0,6,1,0,0,0,0
EMP-017,1,13,1,1,0,0,1
EMP-017,2,4,1,1,2,0,2
EMP-017,3,4,1,1,1,0,3
EMP-017,4,3,1,0,0,0,0
EMP-017,5,2,1,1,0,0,1
EMP-017,6,1,1,2,0,0,2
EMP-017,7,4,1,1,1,0,3
EMP-017,8,77,1,0,0,0,0
EMP-017,0,14,1,1,0,0,1
EMP-017,1,4,1,2,0,0,2
EMP-017,2,5,1,1,1,0,3
EMP-017,3,1,1,0,0,0,0
EMP-017,4,1,1,1,0,0,1
EMP-017,5,2,1,2,0,0,2
EMP-017,6,1,1,1,2,1,3
EMP-017,7,3,1,0,0,0,0
EMP-017,8,25,1,1,0,0,1
EMP-017,0,7,1,2,0,0,2
EMP-017,1,9,0,2,0,1,3
EMP-017,2,31,1,0,0,0,0
EMP-017,3,2,1,1,0,0,1
EMP-017,4,5,1,1,2,0,2
EMP-017,5,4,1,1,1,0,3
EMP-017,6,3,1,0,0,0,0
EMP-017,7,5,1,1,0,0,1
EMP-017,8,70,1,1,2,0,2
EMP-017,0,3,1,1,1,0,3
EMP-018,0,5,1,0,0,0,0
EMP-018,1,12,1,1,0,0,1
EMP-018,2,42,1,2,0,0,2
EMP-018,3,3,1,1,2,1,3
EMP-018,4,4,0,0,0,0,0
EMP-018,5,5,1,1,0,0,1
EMP-018,6,2,1,1,2,0,2
EMP-018,7,2,1,1,1,0,3
EMP-018,8,20,1,0,0,0,0
EMP-018,0,3,1,1,0,0,1
EMP-018,1,15,0,2,0,0,2
EMP-018,2,27,0,1,1,0,3
EMP-018,3,6,1,0,0,0,0
EMP-018,4,2,0,1,0,0,1
EMP-018,5,4,1,1,2,0,2
EMP-018,6,3,1,1,1,0,3
EMP-018,7,2,1,0,0,0,0
EMP-018,8,72,1,1,0,0,1
EMP-018,0,12,1,2,0,0,2
EMP-018,1,5,1,1,1,0,3
EMP-018,2,33,1,0,0,0,0
EMP-018,3,1,1,1,0,0,1
EMP-018,4,2,1,2,0,0,2
EMP-018,5,5,1,1,2,1,3
EMP-018,6,2,1,0,0,0,0
EMP-018,7,2,1,1,0,0,1
EMP-018,8,88,1,2,0,0,2
EMP-018,0,12,1,1,2,1,3
EMP-018,1,6,1,0,0,0,0
EMP-018,2,6,1,1,0,0,1
EMP-018,3,4,1,2,0,0,2
EMP-018,4,7,1,2,0,1,3
EMP-018,5,5,1,0,0,0,0
EMP-018,6,1,1,1,0,0,1
EMP-018,7,1,1,1,2,0,2
EMP-018,8,13,1,1,1,0,3
EMP-018,0,3,1,0,0,0,0
EMP-018,1,15,0,1,0,0,1
EMP-018,2,59,1,1,2,0,2
EMP-018,3,1,1,1,2,1,3
EMP-018,4,4,1,0,0,0,0
EMP-018,5,3,1,1,0,0,1
EMP-018,6,1,1,1,2,0,2
EMP-018,7,5,1,1,2,1,3
EMP-018,8,45,1,0,0,0,0
EMP-018,0,8,1,1,0,0,1
EMP-018,1,4,1,2,0,0,2
EMP-018,2,29,1,1,2,1,3
EMP-018,3,2,1,0,0,0,0
EMP-018,4,2,1,1,0,0,1
EMP-018,5,3,1,1,2,0,2
EMP-018,6,2,1,2,0,1,3
EMP-018,7,2,1,0,0,0,0
EMP-018,8,25,0,1,0,0,1
EMP-018,0,5,1,1,2,0,2
EMP-018,1,9,1,1,2,1,3
EMP-018,2,27,1,0,0,0,0
EMP-018,3,6,1,1,0,0,1
EMP-018,4,4,1,2,0,0,2
EMP-018,5,3,1,1,1,0,3
EMP-018,6,3,1,0,0,0,0
EMP-018,7,5,1,1,0,0,1
EMP-018,8,11,1,2,0,0,2
EMP-018,0,2,1,1,1,0,3
EMP-018,1,14,1,0,0,0,0
EMP-018,2,92,1,1,0,0,1
EMP-018,3,3,1,1,2,0,2
EMP-018,4,1,0,2,0,1,3
EMP-018,5,2,0,0,0,0,0
EMP-018,6,1,1,1,0,0,1
EMP-018,7,4,1,1,2,0,2
EMP-018,8,25,1,1,1,0,3
EMP-018,0,6,1,0,0,0,0
EMP-018,1,3,1,1,0,0,1
EMP-018,2,51,1,1,2,0,2
EMP-018,3,1,1,1,1,0,3
EMP-018,4,6,1,0,0,0,0
EMP-018,5,5,0,1,0,0,1
EMP-018,6,2,1,2,0,0,2
EMP-018,7,5,1,1,1,0,3
EMP-018,8,72,1,0,0,0,0
EMP-018,0,4,1,1,0,0,1
EMP-018,1,2,1,1,2,0,2
EMP-018,2,39,1,1,1,0,3
EMP-018,3,6,1,0,0,0,0
EMP-018,4,7,1,1,0,0,1
EMP-018,5,2,0,2,0,0,2
EMP-018,6,3,1,1,1,0,3
EMP-018,7,1,1,0,0,0,0
EMP-018,8,86,1,1,0,0,1
EMP-018,0,10,1,1,2,0,2
EMP-018,1,7,1,1,2,1,3
EMP-018,2,99,1,0,0,0,0
EMP-018,3,2,1,1,0,0,1
EMP-018,4,5,1,2,0,0,2
EMP-018,5,1,1,1,2,1,3
EMP-018,6,2,1,0,0,0,0
EMP-018,7,4,1,1,0,0,1
EMP-018,8,53,1,1,2,0,2
EMP-018,0,7,1,2,0,1,3
EMP-019,0,9,1,0,0,0,0
EMP-019,1,13,1,1,0,0,1
EMP-019,2,19,1,2,0,0,2
EMP-019,3,5,1,1,1,0,3
EMP-019,4,2,1,0,0,0,0
EMP-019,5,5,1,1,0,0,1
EMP-019,6,2,1,1,2,0,2
EMP-019,7,1,0,2,0,1,3
EMP-019,8,40,1,0,0,0,0
EMP-019,0,3,1,1,0,0,1
EMP-019,1,2,1,1,2,0,2
EMP-019,2,32,1,2,0,1,3
EMP-019,3,2,1,0,0,0,0
EMP-019,4,5,0,1,0,0,1
EMP-019,5,3,1,1,2,0,2
EMP-019,6,3,1,2,0,1,3
EMP-019,7,5,1,0,0,0,0
EMP-019,8,14,1,1,0,0,1
EMP-019,0,7,1,2,0,0,2
EMP-019,1,8,1,1,2,1,3
EMP-019,2,14,1,0,0,0,0
EMP-019,3,2,1,1,0,0,1
EMP-019,4,5,1,2,0,0,2
EMP-019,5,3,1,1,1,0,3
EMP-019,6,2,1,0,0,0,0
EMP-019,7,1,1,1,0,0,1
EMP-019,8,64,0,2,0,0,2
EMP-019,0,6,1,1,2,1,3
EMP-019,1,15,1,0,0,0,0
EMP-019,2,49,1,1,0,0,1
EMP-019,3,4,1,1,2,0,2
EMP-019,4,7,1,2,0,1,3
EMP-019,5,2,1,0,0,0,0
EMP-019,6,2,1,1,0,0,1
EMP-019,7,4,1,2,0,0,2
EMP-019,8,23,1,1,1,0,3
EMP-019,0,12,1,0,0,0,0
EMP-019,1,11,1,1,0,0,1
EMP-019,2,11,1,1,2,0,2
EMP-019,3,2,0,2,0,1,3
EMP-019,4,3,1,0,0,0,0
EMP-019,5,4,1,1,0,0,1
EMP-019,6,3,1,1,2,0,2
EMP-019,7,1,1,1,1,0,3
EMP-019,8,83,1,0,0,0,0
EMP-019,0,5,1,1,0,0,1
EMP-019,1,12,0,2,0,0,2
EMP-019,2,69,1,1,2,1,3
EMP-019,3,3,1,0,0,0,0
EMP-019,4,5,1,1,0,0,1
EMP-019,5,1,1,1,2,0,2
EMP-019,6,1,1,1,1,0,3
EMP-019,7,3,1,0,0,0,0
EMP-019,8,12,1,1,0,0,1
EMP-019,0,2,1,2,0,0,2
EMP-019,1,7,1,1,2,1,3
EMP-019,2,32,1,0,0,0,0
EMP-019,3,3,1,1,0,0,1
EMP-019,4,3,1,2,0,0,2
EMP-019,5,2,1,2,0,1,3
EMP-019,6,1,1,0,0,0,0
EMP-019,7,4,1,1,0,0,1
EMP-019,8,28,1,1,2,0,2
EMP-019,0,5,1,1,1,0,3
EMP-019,1,3,1,0,0,0,0
EMP-019,2,42,1,1,0,0,1
EMP-019,3,2,1,2,0,0,2
EMP-019,4,2,1,1,1,0,3
EMP-019,5,4,1,0,0,0,0
EMP-019,6,1,1,1,0,0,1
EMP-019,7,2,1,1,2,0,2
EMP-019,8,47,0,1,1,0,3
EMP-019,0,7,1,0,0,0,0
EMP-019,1,12,1,1,0,0,1
EMP-019,2,103,1,2,0,0,2
EMP-019,3,2,1,1,2,1,3
EMP-019,4,1,1,0,0,0,0
EMP-019,5,4,0,1,0,0,1
EMP-019,6,3,1,2,0,0,2
EMP-019,7,3,1,1,1,0,3
EMP-019,8,67,1,0,0,0,0
EMP-019,0,7,1,1,0,0,1
EMP-019,1,14,1,2,0,0,2
EMP-019,2,9,1,1,1,0,3
EMP-019,3,5,1,0,0,0,0
EMP-019,4,4,1,1,0,0,1
EMP-019,5,1,1,1,2,0,2
EMP-019,6,3,0,2,0,1,3
EMP-019,7,4,1,0,0,0,0
EMP-019,8,78,1,1,0,0,1
EMP-019,0,10,1,2,0,0,2
EMP-019,1,5,1,1,1,0,3
EMP-019,2,2,1,0,0,0,0
EMP-019,3,6,1,1,0,0,1
EMP-019,4,4,1,1,2,0,2
EMP-019,5,1,1,2,0,1,3
EMP-019,6,3,1,0,0,0,0
EMP-019,7,4,1,1,0,0,1
EMP-019,8,6,1,2,0,0,2
EMP-019,0,3,1,1,2,1,3
EMP-020,0,14,1,0,0,0,0
EMP-020,1,5,1,1,0,0,1
EMP-020,2,8,1,1,2,0,2
EMP-020,3,7,1,1,1,0,3
EMP-020,4,5,1,0,0,0,0
EMP-020,5,2,1,1,0,0,1
EMP-020,6,2,1,2,0,0,2
EMP-020,7,3,1,2,0,1,3
EMP-020,8,46,1,0,0,0,0
EMP-020,0,6,1,1,0,0,1
EMP-020,1,12,1,2,0,0,2
EMP-020,2,17,1,2,0,1,3
EMP-020,3,5,1,0,0,0,0
EMP-020,4,4,1,1,0,0,1
EMP-020,5,5,1,2,0,0,2
EMP-020,6,2,1,1,1,0,3
EMP-020,7,5,1,0,0,0,0
EMP-020,8,57,1,1,0,0,1
EMP-020,0,8,1,2,0,0,2
EMP-020,1,3,1,1,1,0,3
EMP-020,2,49,0,0,0,0,0
EMP-020,3,3,1,1,0,0,1
EMP-020,4,4,1,1,2,0,2
EMP-020,5,1,1,1,2,1,3
EMP-020,6,3,1,0,0,0,0
EMP-020,7,3,1,1,0,0,1
EMP-020,8,52,1,1,2,0,2
EMP-020,0,11,1,2,0,1,3
EMP-020,1,7,1,0,0,0,0
EMP-020,2,55,1,1,0,0,1
EMP-020,3,6,1,2,0,0,2
EMP-020,4,1,1,1,2,1,3
EMP-020,5,1,1,0,0,0,0
EMP-020,6,1,1,1,0,0,1
EMP-020,7,5,1,2,0,0,2
EMP-020,8,15,1,1,1,0,3
EMP-020,0,4,1,0,0,0,0
EMP-020,1,5,1,1,0,0,1
EMP-020,2,72,1,2,0,0,2
EMP-020,3,1,0,1,1,0,3
EMP-020,4,7,1,0,0,0,0
EMP-020,5,2,1,1,0,0,1
EMP-020,6,1,1,2,0,0,2
EMP-020,7,3,1,2,0,1,3
EMP-020,8,67,1,0,0,0,0
EMP-020,0,7,1,1,0,0,1
EMP-020,1,2,1,2,0,0,2
EMP-020,2,52,1,1,1,0,3
EMP-020,3,2,1,0,0,0,0
EMP-020,4,6,1,1,0,0,1
EMP-020,5,4,1,2,0,0,2
EMP-020,6,3,1,1,1,0,3
EMP-020,7,1,1,0,0,0,0
EMP-020,8,8,1,1,0,0,1
EMP-020,0,5,1,2,0,0,2
EMP-020,1,15,1,1,1,0,3
EMP-020,2,17,1,0,0,0,0
EMP-020,3,7,1,1,0,0,1
EMP-020,4,4,1,2,0,0,2
EMP-020,5,2,1,1,2,1,3
EMP-020,6,2,1,0,0,0,0
EMP-020,7,5,1,1,0,0,1
EMP-020,8,8,1,1,2,0,2
EMP-020,0,4,1,1,1,0,3
EMP-020,1,8,1,0,0,0,0
EMP-020,2,92,1,1,0,0,1
EMP-020,3,4,1,1,2,0,2
EMP-020,4,3,1,1,1,0,3
EMP-020,5,3,1,0,0,0,0
EMP-020,6,2,1,1,0,0,1
EMP-020,7,2,1,2,0,0,2
EMP-020,8,33,1,1,1,0,3
EMP-020,0,2,0,0,0,0,0
EMP-020,1,10,1,1,0,0,1
EMP-020,2,62,1,2,0,0,2
EMP-020,3,6,1,1,2,1,3
EMP-020,4,2,1,0,0,0,0
EMP-020,5,4,1,1,0,0,1
EMP-020,6,3,1,2,0,0,2
EMP-020,7,2,1,1,2,1,3
EMP-020,8,49,1,0,0,0,0
EMP-020,0,7,1,1,0,0,1
EMP-020,1,11,1,2,0,0,2
EMP-020,2,62,1,1,1,0,3
EMP-020,3,1,1,0,0,0,0
EMP-020,4,6,1,1,0,0,1
EMP-020,5,3,1,1,2,0,2
EMP-020,6,3,1,1,2,1,3
EMP-020,7,4,1,0,0,0,0
EMP-020,8,39,1,1,0,0,1
EMP-020,0,1,1,1,2,0,2
EMP-020,1,14,1,1,2,1,3
EMP-020,2,24,1,0,0,0,0
EMP-020,3,7,1,1,0,0,1
EMP-020,4,1,1,2,0,0,2
EMP-020,5,2,1,2,0,1,3
EMP-020,6,1,1,0,0,0,0
EMP-020,7,3,1,1,0,0,1
EMP-020,8,39,1,2,0,0,2
EMP-020,0,2,1,1,1,0,3
EMP-021,0,14,1,0,0,0,0
EMP-021,1,2,1,1,0,0,1
EMP-021,2,57,1,1,2,0,2
EMP-021,3,3,1,1,1,0,3
EMP-021,4,7,1,0,0,0,0
EMP-021,5,1,1,1,0,0,1
EMP-021,6,3,1,1,2,0,2
EMP-021,7,5,1,1,1,0,3
EMP-021,8,88,1,0,0,0,0
EMP-021,0,10,1,1,0,0,1
EMP-021,1,7,1,1,2,0,2
EMP-021,2,103,1,1,1,0,3
EMP-021,3,6,1,0,0,0,0
EMP-021,4,5,1,1,0,0,1
EMP-021,5,1,1,2,0,0,2
EMP-021,6,3,1,1,1,0,3
EMP-021,7,3,1,0,0,0,0
EMP-021,8,77,1,1,0,0,1
EMP-021,0,1,0,2,0,0,2
EMP-021,1,14,1,1,1,0,3
EMP-021,2,93,1,0,0,0,0
EMP-021,3,2,1,1,0,0,1
EMP-021,4,6,1,1,2,0,2
EMP-021,5,5,1,1,1,0,3
EMP-021,6,1,1,0,0,0,0
EMP-021,7,5,1,1,0,0,1
EMP-021,8,26,1,1,2,0,2
EMP-021,0,14,1,1,1,0,3
EMP-021,1,14,1,0,0,0,0
EMP-021,2,16,1,1,0,0,1
EMP-021,3,5,1,2,0,0,2
EMP-021,4,1,1,1,1,0,3
EMP-021,5,4,1,0,0,0,0
EMP-021,6,2,1,1,0,0,1
EMP-021,7,3,1,1,2,0,2
EMP-021,8,77,1,1,2,1,3
EMP-021,0,15,1,0,0,0,0
EMP-021,1,1,1,1,0,0,1
EMP-021,2,48,1,1,2,0,2
EMP-021,3,4,1,1,1,0,3
EMP-021,4,1,1,0,0,0,0
EMP-021,5,4,1,1,0,0,1
EMP-021,6,1,1,1,2,0,2
EMP-021,7,3,1,1,1,0,3
EMP-021,8,76,1,0,0,0,0
EMP-021,0,7,1,1,0,0,1
EMP-021,1,9,1,1,2,0,2
EMP-021,2,6,1,1,1,0,3
EMP-021,3,1,1,0,0,0,0
EMP-021,4,2,1,1,0,0,1
EMP-021,5,5,1,2,0,0,2
EMP-021,6,1,1,2,0,1,3
EMP-021,7,3,1,0,0,0,0
EMP-021,8,39,1,1,0,0,1
EMP-021,0,4,1,2,0,0,2
EMP-021,1,2,1,1,2,1,3
EMP-021,2,31,1,0,0,0,0
EMP-021,3,1,1,1,0,0,1
EMP-021,4,2,1,2,0,0,2
EMP-021,5,3,1,1,2,1,3
EMP-021,6,2,1,0,0,0,0
EMP-021,7,1,1,1,0,0,1
EMP-021,8,71,1,1,2,0,2
EMP-021,0,9,1,1,2,1,3
EMP-021,1,10,1,0,0,0,0
EMP-021,2,94,1,1,0,0,1
EMP-021,3,3,1,1,2,0,2
EMP-021,4,3,1,1,1,0,3
EMP-021,5,5,1,0,0,0,0
EMP-021,6,3,1,1,0,0,1
EMP-021,7,4,1,1,2,0,2
EMP-021,8,24,1,1,2,1,3
EMP-021,0,15,1,0,0,0,0
EMP-021,1,8,1,1,0,0,1
EMP-021,2,54,1,2,0,0,2
EMP-021,3,6,1,1,1,0,3
EMP-021,4,3,1,0,0,0,0
EMP-021,5,5,1,1,0,0,1
EMP-021,6,2,1,1,2,0,2
EMP-021,7,3,1,1,1,0,3
EMP-021,8,14,1,0,0,0,0
EMP-021,0,10,1,1,0,0,1
EMP-021,1,10,1,2,0,0,2
EMP-021,2,56,1,1,2,1,3
EMP-021,3,7,0,0,0,0,0
EMP-021,4,3,1,1,0,0,1
EMP-021,5,2,1,2,0,0,2
EMP-021,6,1,1,1,2,1,3
EMP-021,7,1,1,0,0,0,0
EMP-021,8,22,1,1,0,0,1
EMP-021,0,10,1,1,2,0,2
EMP-021,1,3,1,1,2,1,3
EMP-021,2,16,1,0,0,0,0
EMP-021,3,5,1,1,0,0,1
EMP-021,4,6,1,2,0,0,2
EMP-021,5,2,1,2,0,1,3
EMP-021,6,2,1,0,0,0,0
EMP-021,7,4,0,1,0,0,1
EMP-021,8,74,1,1,2,0,2
EMP-021,0,4,1,2,0,1,3
